title,author,description,news_category,urlToImage,publishedAt,source_id,news_related
The EPA Wants to Roll Back Emissions Controls on Power Plants,Molly Taft,"""The EPA is trying to get out of the climate change business,” says one expert.",business,"https://media.wired.com/photos/68495fddf966af23d5c7150b/191:100/w_1280,c_limit/GettyImages-1360241786.jpg",2025-06-11T20:36:25Z,Wired,1
Far-Right ‘Appeal to Heaven’ Flag Flown Above Government Agency in DC,"Vittoria Elliott, Leah Feiger","The ""Appeal To Heaven"" flag, a popular symbol for Christian nationalists that was waved by January 6 rioters, was raised over the Small Business Administration headquarters last week.",business,"https://media.wired.com/photos/6851e3767f832214c10f48c3/191:100/w_1280,c_limit/GtMhBk7WAAAqgNu.jpeg",2025-06-17T23:03:51Z,Wired,1
Elon Musk’s xAI Is Reportedly Burning Through $1 Billion a Month,Lucas Ropek,Musk's new AI business is a cash-hungry monster.,business,https://gizmodo.com/app/uploads/2025/04/elon-musk-feb-20-2025-1200x675.jpg,2025-06-18T18:10:36Z,Gizmodo.com,1
Fancy Airplane Seats Have Nowhere Left to Go—So What Now?,Jenny Southan,Upper and business class cabins have expanded to the point where the top tier resemble hotel suites more than passenger pods. But what happens now airlines have no more room to offer?,business,"https://media.wired.com/photos/685d9e9e57bb5b00fe84bffe/191:100/w_1280,c_limit/biz-class-seats-gear-78494704.jpg",2025-06-28T11:00:00Z,Wired,1
"Dell Offers Its 4.8 Rated 15.6″ Laptop for Almost 60% to Clear Out Stock, Loaded With Windows 11 Pro",Joe Tilleli,"Dell has it's 3530 laptop designed for home, business, and student use is now almost $800 off on Amazon.",business,https://gizmodo.com/app/uploads/2025/06/Dell-15.622-3530-Laptop--1200x675.jpg,2025-06-05T12:10:38Z,Gizmodo.com,1
The $50 Billion Company That Does Almost Nothing,Luc Olinga,Wall Street is valuing crypto firm Circle like the next big thing in tech. Its entire business? Holding your dollars and keeping the interest.,business,https://gizmodo.com/app/uploads/2020/03/lpfiuy2esnmlyn7jteex.jpg,2025-06-21T19:00:09Z,Gizmodo.com,1
HBO and CNN owner Warner Bros Discovery to split in two,,The media giant will separate its studio and streaming business away from its cable TV networks.,business,https://ichef.bbci.co.uk/news/1024/branded_news/1ff3/live/f74e1aa0-4595-11f0-9a12-b5362979f1a7.jpg,2025-06-10T02:14:23Z,BBC News,1
"Microsoft should change its Copilot advertising, says watchdog",Tom Warren,"Microsoft’s Copilot advertising has been criticized by an industry watchdog for its productivity claims and confusing use of Copilot branding. The Better Business Bureau’s National Advertising Division (NAD) has reviewed Microsoft’s Copilot advertising, and r…",business,https://platform.theverge.com/wp-content/uploads/sites/2/2025/02/STK259_MICROSOFT_COPILOT_3__D.jpg?quality=90&strip=all&crop=0%2C10.732984293194%2C100%2C78.534031413613&w=1200,2025-06-17T11:26:56Z,The Verge,1
Waymo is gradually expanding its borders in California,Andrew J. Hawkins,"Waymo is continuing its slow and steady approach to the robotaxi business by gradually expanding its service area in the key cities of San Francisco and Los Angeles. The company said that starting June 17th, it would begin accepting passengers further south a…",business,https://platform.theverge.com/wp-content/uploads/sites/2/2025/06/gettyimages-2219509261.jpg?quality=90&strip=all&crop=0%2C11.120407078361%2C100%2C77.759185843277&w=1200,2025-06-17T15:13:29Z,The Verge,1
'Not just smut' - Why it's happily ever after for romance books,,"Despite being mocked by book critics for years, the romantasy genre is booming - and that means big business for publishers and bookshops.",business,https://ichef.bbci.co.uk/news/1024/branded_news/ca5c/live/3e994c70-4dc7-11f0-86d5-3b52b53af158.jpg,2025-06-20T23:10:43Z,BBC News,1
Business class flights are a good investment if you're willing to splurge. Here's how 3 airlines compared.,Joi-Marie McKenzie,"In this Saturday edition of Business Insider Today, we're talking about business-class seats on three airlines, plus dairy's comeback and Addison Rae.",business,https://i.insider.com/684343103d5881a51c1af44d?width=1200&format=jpeg,2025-06-07T10:30:01Z,Business Insider,1
"I paid $180 to sit in business class on a 9-hour Amtrak ride from Rochester to NYC. Next time, I'll stick to coach.",Samantha Grindell Pettyjohn,I compared business class and coach on an Amtrak train from New York City to Rochester. The perks in business class weren't worth the extra money.,business,https://i.insider.com/683f390d9d73a0031e8dc788?width=1200&format=jpeg,2025-06-07T12:26:02Z,Business Insider,1
T-Mobile's new business plans throw in free Smart VPN and satellite broadband,"techkritiko@gmail.com (Jay Bonggolto) , Jay Bonggolto",T-Mobile locks prices down for five years with its new business plans.,business,https://cdn.mos.cms.futurecdn.net/Mr8skv235NeD5miZHHjWGg.jpg,2025-05-29T21:19:30Z,Android Central,1
"WhatsApp unlocks new revenue streams, rolls out paid subscriptions, and more","nickodiaz@sbcglobal.net (Nickolas Diaz) , Nickolas Diaz",WhatsApp detailed a major business-focused update for its Updates tab in the app.,business,https://cdn.mos.cms.futurecdn.net/fPZy2PefxExEJSKpuM9UBn.jpg,2025-06-16T17:48:08Z,Android Central,1
But what do they say at the meeting?,Seth Godin,"This is the way to understand business-to-business selling. After you’ve left with the purchase order, what does the buyer tell the boss? What does the boss tell the investors or the press? This helps decode why giant companies like Google or Facebook buy a c…",business,https://seths.blog/wp-content/uploads/2018/06/seth_godin_ogimages_v02_18061313.jpg,2025-06-21T08:07:00Z,Seths.blog,1
"ChatGPT Now Integrates with Dropbox, Google Drive for Business",Tim Hardwick,"OpenAI has announced some new productivity features for ChatGPT, adding direct integration with major cloud storage services and introducing meeting recording capabilities for business users.





The AI chatbot can now connect to Google Drive, Dropbox, OneDr…",business,https://images.macrumors.com/t/_DO3VmlEIeePypjZ61U9_WgQ3-8=/2000x/article-new/2025/04/chatgpt-logo.jpg,2025-06-05T11:52:00Z,MacRumors,1
Danny Boyle confirms Cillian Murphy will appear in the '28 Years Later' sequel,Jason Guerrasio,Danny Boyle revealed to Business Insider when Cillian Murphy will return to the zombie franchise.,business,https://i.insider.com/683edaadca50259add4d7ef7?width=1200&format=jpeg,2025-06-03T14:55:03Z,Business Insider,1
What aspiring business leaders can learn from Zohran Mamdani's success,Tim Paradis,Zohran Mamdani's New York Democratic primary success reveals strategic lessons for business leaders.,business,https://i.insider.com/685c9237f748d8c055f4611f?width=1200&format=jpeg,2025-06-26T14:51:57Z,Business Insider,1
"All-in-One AI Platform 1minAI Is Now Almost Free, Get Lifetime Access for Up to 87% Off",Mike Fazioli,Dive into the world of Artificial Intelligence with this easy to learn all-in-one tool and watch your creativity explode.,business,https://gizmodo.com/app/uploads/2024/11/1MinAI-1.jpg,2025-05-30T22:10:04Z,Gizmodo.com,1
Divorce lawyers say it's a seasonal business. Here's why,Vanessa Romo,Divorce lawyers know certain times of the year are much busier than others. They and researchers have found seasonal patterns around divorce filings.,business,https://npr.brightspotcdn.com/dims3/default/strip/false/crop/3130x1761+0+120/resize/1400/quality/100/format/jpeg/?url=http%3A%2F%2Fnpr-brightspot.s3.amazonaws.com%2F03%2F31%2F6bc228db4cc7b558c551df2092d3%2Fgettyimages-1247130803.jpg,2025-06-05T09:01:00Z,NPR,1
"One, Big, Beautiful Breakup",Zoë Schiffer,"On this epsiode of Uncanny Valley, our senior politics editor joins us to discuss the implications of the collapse of the relationship between Trump and Musk.",politics,"https://media.wired.com/photos/6840b2d8b89efac7e73753f2/191:100/w_1280,c_limit/Uncanny-Valley-Trump-Elon-Breakup-Politics-2217853024.jpg",2025-06-09T19:56:42Z,Wired,1
MAGA’s Marxist Minnesota Shooter Theory Falls Apart in Record Time,Lucas Ropek,The debate about the Minnesota shooter's politics is now a predictable manifestation of America's polarization.,politics,https://gizmodo.com/app/uploads/2025/06/Tim-Walz-1200x675.jpg,2025-06-17T20:20:14Z,Gizmodo.com,1
"Elon Musk is on a media blitz. Here's what he said about DOGE, politics, and why he doesn't like Trump's big bill.",Bryan Metzger,"Musk has criticized Trump's bill, said he's stepping back from spending money on elections, and said he's spent too much time on politics.",politics,https://i.insider.com/683726026ffb6822ec61a068?width=1200&format=jpeg,2025-05-28T18:43:47Z,Business Insider,1
It's Elon Musk's last official day in DC. Here are some of the most notable reactions to his DOGE exit.,"Brent D. Griffiths,Alice Tecotzky",Elon Musk is leaving DC. People across the world of business and politics reflected on his time at DOGE and reacted to his exit.,politics,https://i.insider.com/6839b563ca50259add4d57b1?width=1200&format=jpeg,2025-05-30T15:47:01Z,Business Insider,1
Elon Musk thanks Trump as he says his time as a US government employee is coming to an end,Kelsey Vlamis,"Elon Musk thanked President Donald Trump amid his step back from politics and said the DOGE mission will ""only strengthen over time.""",politics,https://i.insider.com/6837b1cfc6ad288d148220f3?width=1200&format=jpeg,2025-05-29T02:01:25Z,Business Insider,1
UK agrees post-Brexit deal over Gibraltar,,Talks on rules governing the border of Spain and Gibraltar have been ongoing since Britain left the EU.,politics,https://ichef.bbci.co.uk/news/1024/branded_news/673d/live/e8e38760-46d1-11f0-84b6-6bf0f66205f1.jpg,2025-06-11T15:05:19Z,BBC News,1
Patrick Reis Joins Slate as Politics Editor,Katie Rayford,"Veteran politics editor Patrick Reis of Vox and Rolling Stone brings a wealth of experience, insights and curiosity to Slate's politics coverage.",politics,https://compote.slate.com/images/37f4636f-05d5-4af8-81df-4179044bfb75.jpeg?crop=1347%2C899%2Cx97%2Cy0&width=1560,2025-06-25T13:16:15Z,Slate Magazine,1
Bromance Is Dead: Splitsville for Besties Trump and Musk,Miles Klee,It's a truly dark day in politics when two rich narcissists can't get along anymore,politics,https://s.yimg.com/ny/api/res/1.2/GbZ8mGNdFtZg7m1XeyNI4w--/YXBwaWQ9aGlnaGxhbmRlcjt3PTEyMDA7aD04MDA-/https://media.zenfs.com/en/rollingstone.com/a2f4cd824e6bc33fa7d21ecb1fece45d,2025-06-05T22:20:20Z,Rolling Stone,1
"Yes, That Big Anti-Trans Ruling Is Terrible. There’s Also a Bigger Problem.",Jill Filipovic,U.S. politics are failing trans youth. We're also failing them by not talking about this more.,politics,https://compote.slate.com/images/733eb9c4-25ab-4785-ad99-84810820c22a.jpeg?crop=1560%2C1040%2Cx0%2Cy0&width=1560,2025-06-23T09:45:00Z,Slate Magazine,1
Palantir’s CEO Throws Money Behind Andrew Cuomo in NYC Mayoral Race,Lucas Ropek,The creepy company's chief creep is backing a mayoral candidate who has been called a creep.,politics,https://gizmodo.com/app/uploads/2025/06/Andrew-Cuomo-1200x675.jpg,2025-06-18T20:50:53Z,Gizmodo.com,1
Peter Thiel Says Elon Musk Doesn’t Understand His Own Robot Revolution,Matt Novak,Is automation a tech project or a political one?,politics,https://gizmodo.com/app/uploads/2025/06/peter-thiel-on-may-9-2024-1200x675.jpg,2025-06-26T17:10:47Z,Gizmodo.com,1
Keeping Politics Out of the Military,Leon E. Panetta,U.S. national security depends on citizens’ trust in our armed forces. We lose that if we turn soldiers into law-enforcement officers.,politics,https://cdn.theatlantic.com/thumbor/aIMIAxfziQ5bYcWMpMrm3RoQOMo=/0x43:2000x1085/1200x625/media/img/mt/2025/06/2025_06_25_military1_mpg/original.jpg,2025-06-27T11:30:00Z,The Atlantic,1
The Meaning of Lee Jae-myung’s Election Triumph,Ian Bremmer,"Exit polls project a win for the veteran center-left leader—closing a tumultuous chapter in South Korea's politics, writes Ian Bremmer.",politics,https://api.time.com/wp-content/uploads/2025/06/GettyImages-2218193912.jpg?quality=85&w=1024&h=628&crop=1,2025-06-03T15:44:43Z,Time,1
The Elon Musk and Donald Trump Breakup Has Started,Jake Lahut,"Trumpworld insiders fear that Elon Musk's attacks on Donald Trump's ""Big Beautiful Bill"" could kill it—and are already advising candidates to turn their backs on the world's richest man.",politics,"https://media.wired.com/photos/6841c90c98668748f2455839/191:100/w_1280,c_limit/Elon-Trump-Breakup-Politics-2217853041.jpg",2025-06-05T18:13:15Z,Wired,1
Elon Musk Has a New Plan to Win Back MAGA,Luc Olinga,"After apologizing to Trump, the Tesla CEO returns to his favorite battleground: attacking liberals and “wokeism,"" as he tries to repair his image among conservative hardliners.",politics,https://gizmodo.com/app/uploads/2025/05/elon-musk-gazing-at-ceiling-may-30-2025-1200x675.jpg,2025-06-21T22:54:49Z,Gizmodo.com,1
"As Tesla Sales Plummet in the U.S. and Europe, Elon Reportedly Fires His Top Salesman",Lucas Ropek,It appears that yet another personnel change has occurred at the billionaire's EV company.,politics,https://gizmodo.com/app/uploads/2025/05/elon-musk-may-21-2025-1200x675.jpg,2025-06-27T12:30:22Z,Gizmodo.com,1
Trump met with Jerome Powell today to scold him about rates. Powell stressed the Fed is staying out of politics,,,politics,,2025-05-29T18:02:10Z,Yahoo Entertainment,1
"Trump attends UFC championship fight in NJ, taking a break from politics, Musk feud",DAN GELSTON AP sports writer,"President Donald Trump walked out to a thunderous standing ovation just ahead of the start of the UFC pay-per-view card at the Prudential Center, putting his public feud with tech billionaire Elon Musk on hold to instead watch the fierce battles inside...",politics,https://i.abcnewsfe.com/a/c41e4ae5-ff9c-4483-8268-526890a0607b/wirestory_c0d9279b626e69cc0ca62474c7dafa2f_16x9.jpg?w=1600,2025-06-08T03:13:10Z,ABC News,1
Trump says it would 'great' to arrest Newsom. Their relationship and politics at play,Oren Oppenheim,The Democrat accused of him exploiting the situation for political gain.,politics,https://i.abcnewsfe.com/a/977f7b2c-cde5-4d2a-8ac9-a46cf62b6cfc/trump-newsom-1-rt-gmh-250609_1749492219435_hpMain_16x9.jpg?w=1600,2025-06-09T21:51:08Z,ABC News,1
'Noses out of joint': Colleagues reveal what Reform's Zia Yusuf is like to work for,,"Some who have worked with the former Reform chairman call him a ""powerhouse"", but others describe a chaotic workplace.",politics,https://ichef.bbci.co.uk/news/1024/branded_news/7922/live/e38e3cc0-4d1f-11f0-a116-8dba2aad1659.jpg,2025-06-20T23:51:41Z,BBC News,1
"Threads Will Now Let You Hide Spoilers, but Logging Off Is Still Free",Cheryl Eddy,A new feature on the social media platform hopes to protect users from seeing entertainment spoilers.,entertainment,https://gizmodo.com/app/uploads/2025/06/kaitlyn-dever-pedro-pascal-2-1200x675.jpg,2025-06-16T22:49:58Z,Gizmodo.com,1
"The New ‘Game of Thrones’ Game Will Let You Kill Jon Snow, for Real This Time",Sabina Graves,The real-time strategy game will be coming to PC in 2026 from PlaySide Studios and Warner Bros. Entertainment.,entertainment,https://gizmodo.com/app/uploads/2025/06/Game-of-Thrones-game-1200x675.jpg,2025-06-06T22:10:25Z,Gizmodo.com,1
DC Comics at Theme Parks Has Had a Bizarre History but ‘Superman’ Could Change That,Sabina Graves,It's time for DC Studios' new Man of Steel to restart not just the film universe but entertainment and attractions too.,entertainment,https://gizmodo.com/app/uploads/2025/06/Six-flags-Superman-Batman-Wonder-Woman-io9-Gizmodo-1200x675.jpg,2025-06-27T22:30:40Z,Gizmodo.com,1
Taylor Swift now owns all of her music,Jay Peters,"Taylor Swift now owns “all of the music I’ve ever made,” she says in a letter posted on her website on Friday. Swift has purchased the masters of her first six albums back from Shamrock Capital, which owned them after entertainment executive Scooter Braun sol…",entertainment,https://platform.theverge.com/wp-content/uploads/sites/2/2025/05/gettyimages-2196817926.jpg?quality=90&strip=all&crop=0%2C11.569161517458%2C100%2C76.861676965083&w=1200,2025-05-30T17:03:03Z,The Verge,1
FBC: Firebreak is missing Control’s weird charm,Tauriq Moosa,"With FBC: Firebreak, Remedy Entertainment has entered the world of the first-person co-op shooter. Set in its Control universe - specifically the site of the first game, the brutalist nightmare office called the Oldest House - players control a member of the …",entertainment,https://platform.theverge.com/wp-content/uploads/sites/2/2025/06/ss_0d2a1b6b95ae6c78a1f19ebf187e9b1c9f0e31fb.jpg?quality=90&strip=all&crop=0%2C3.4613147178592%2C100%2C93.077370564282&w=1200,2025-06-18T21:11:50Z,The Verge,1
Remedy is in control,Andrew Webster,"In the quiet suburb of Espoo, a short drive west from Helsinki in Finland, is an unassuming building that's home to one of the most confounding studios in games. Remedy Entertainment is known for getting weird. It started with the meta horror of Alan Wake, an…",entertainment,https://platform.theverge.com/wp-content/uploads/sites/2/2025/06/ss_06b7e4baac0ac7f2ecfcc8d3198f707339c6296f.jpg?quality=90&strip=all&crop=0%2C3.4613147178592%2C100%2C93.077370564282&w=1200,2025-06-25T12:38:15Z,The Verge,1
Rokid’s new AR glasses are basically a laptop you wear on your face,"techkritiko@gmail.com (Jay Bonggolto) , Jay Bonggolto",Rokid's AR Spatial glasses create a massive 300-inch virtual screen for immersive entertainment and work.,entertainment,https://cdn.mos.cms.futurecdn.net/8Ge3WXJvLCThewfh5MqUCQ.jpg,2025-06-19T04:05:43Z,Android Central,1
Netflix will air traditional TV channels inside its app in France,Jess Weatherbed,"Starting in summer 2026, Netflix subscribers in France will be able to watch commercially broadcast TV content “without ever having to leave the service.” The streaming giant has announced a distribution deal with French media company TF1 Group to make TF1’s …",entertainment,https://platform.theverge.com/wp-content/uploads/sites/2/2025/02/STK072_VRG_Illo_N_Barclay_1_netflix.jpg?quality=90&strip=all&crop=0%2C10.732984293194%2C100%2C78.534031413613&w=1200,2025-06-18T11:51:30Z,The Verge,1
Best Bluetooth headphone adapter 2025,"namerah.saud-fatmi@futurenet.com (Namerah Saud Fatmi) , Namerah Saud Fatmi",A Bluetooth headphone adapter adds Bluetooth functionality to devices like older speakers and in-flight entertainment systems. Here are the best ones available.,entertainment,https://cdn.mos.cms.futurecdn.net/bdMBy4H5wiLuTFWBx5KLkV.jpg,2025-06-09T14:45:44Z,Android Central,1
Meet Goldman's consigliere to Hollywood: the entertainment banker whose days spearheading big media deals start with a run in Central Park,Reed Alexander,"Hollywood has been through a lot — strikes, fires — but Goldman's entertainment team, led by Aaron Siegel, is growing.",entertainment,https://i.insider.com/685ecc7f3d5881a51c1c4080?width=1200&format=jpeg,2025-06-28T09:00:01Z,Business Insider,1
The man behind Netflix's 'Dept. Q' thinks the future of entertainment is … games,Peter Kafka,"Netflix's ""Dept. Q"" is a hit. Scott Frank is behind it. But if he were to start all over, he tells BI's Peter Kafka he'd pick a different industry.",entertainment,https://i.insider.com/6849ae0d3d5881a51c1b35fd?width=1200&format=jpeg,2025-06-11T16:42:03Z,Business Insider,1
‘The Wizard of Oz’ at the Sphere Tests the Ways AI Can Preserve Classic Cinema,Sabina Graves,"The immersive screening event aims to bring film history to new formats, but it still feels like a slippery slope.",entertainment,https://gizmodo.com/app/uploads/2025/06/The-Wizard-of-oz-Sphere-Studios-1200x675.jpg,2025-06-25T23:07:38Z,Gizmodo.com,1
Netflix is looking more like the cable model it used to say was doomed,Lucia Moses,"Analysts size up Netflix's TF1 deal, which plays into its ad business and solidifies it as a one-stop shop for entertainment.",entertainment,https://i.insider.com/68532e4d85e81483682c677d?width=1200&format=jpeg,2025-06-18T21:25:47Z,Business Insider,1
"Double Your Productivity or Play, This 15-Inch Portable Monitor Is Now Almost Free on Amazon",Gizmodo Deals,"For under $50, double your workspace with this 15-inch ultra-thin screen.",entertainment,https://gizmodo.com/app/uploads/2025/04/anyuse-portable-monitor.jpg,2025-06-01T21:03:24Z,Gizmodo.com,1
"Forget JBL, Sony 3.1 Channel Soundbar Matches Its Black Friday Price and Beats Last Prime Day’s Deal",Jason Coles,"The TV is only part of the puzzle, you have to upgrade the audio too, and that's easy to do with this amazing Sony soundbar.",entertainment,https://gizmodo.com/app/uploads/2025/06/sound-deal-1200x675.jpg,2025-06-27T12:40:50Z,Gizmodo.com,1
Amazon Offers Fire TV Soundbar for Practically Free to Clear Out Stock Ahead of Prime Day,Joe Tilleli,Save 29% on the Fire TV 2.0 channel soundbar over at Amazon for a limited time.,entertainment,https://gizmodo.com/app/uploads/2025/06/FireTV-Soundbar-1200x675.jpg,2025-06-19T14:40:58Z,Gizmodo.com,1
"Amazon Clearing Out Smart TVs, This 42″ Full HD Model Sold for Peanuts Before Prime Day",Gizmodo Deals,"For what you’d pay for a restaurant meal, you get a 42-inch smart TV for your home.",entertainment,https://gizmodo.com/app/uploads/2024/11/insignia-fire-tv.jpg,2025-06-17T20:12:56Z,Gizmodo.com,1
Justin Sun takes crypto company public — reportedly with help from Eric Trump,Tina Nguyen,"Last year, Justin Sun was facing a federal investigation into his crypto empire, to the point that he avoided entering the US. Now, his company is going to be publicly listed on the American stock markets – and reportedly with the assistance of Eric Trump. Tr…",entertainment,https://platform.theverge.com/wp-content/uploads/sites/2/2025/06/gettyimages-2212249714.jpg?quality=90&strip=all&crop=0%2C10.7294090391%2C100%2C78.541181921799&w=1200,2025-06-16T22:43:52Z,The Verge,1
"Kotaku’s Biggest Gaming Culture News For The Week June 07, 2025",Kotaku Staff,"From mergers to memes, the landscape of interactive entertainment is always in motion. Here’s your cheat sheet for the week’s most important stories in gaming.Read more...",entertainment,"https://i.kinja-img.com/image/upload/c_fill,h_675,pg_1,q_80,w_1200/232704cf3c4fc1b8f4d1d054688cfa50.jpg",2025-06-07T13:00:00Z,Kotaku,1
Brass Lion Entertainment unveils co-op action RPG Wu-Tang: Rise of the Deceiver,Dean Takahashi,"Brass Lion Entertainment revealed its trailer for its debut game Wu-Tang: Rise of the Deceiver, part of Ghostface Killah's Angel of Dust franchise.",entertainment,https://venturebeat.com/wp-content/uploads/2025/06/WU-TANG-4.jpg?w=1024?w=1200&strip=all,2025-06-06T22:47:00Z,VentureBeat,1
Plantaform Smart Indoor Garden Review: Rewarding but Risky,Lisa Wood Shapiro,"We tested this unique indoor gardening solution that utilizes NASA technology, but air quality data raised concerns.",technology,"https://media.wired.com/photos/6846cc404fbb2878931dbfd7/191:100/w_1280,c_limit/Review-%20Plantaform%20Smart%20Indoor%20Garden_.png",2025-06-27T05:46:47Z,Wired,1
"After Slashing Thousands of Jobs, Trump’s FDA Wants to Use AI to Rapidly Approve New Drugs",Lucas Ropek,Will more technology make America healthier?,technology,https://gizmodo.com/app/uploads/2024/11/RFK.jpg,2025-06-11T14:55:58Z,Gizmodo.com,1
Haunting Deep-Sea Footage Reveals U.S. Submarine Lost During WWI,Natalia Mesa,"With cutting-edge deep-sea imaging technology, researchers captured high-definition images of a 100-year old submarine.",technology,https://gizmodo.com/app/uploads/2025/05/Sunken-USS-F1-Submarine.jpg,2025-05-30T19:35:15Z,Gizmodo.com,1
"The Samsung 990 PRO 2TB SSD With Heatsink Is Now 45% Off, Amazon Rapidly Sells Through Its Stock",Gizmodo Deals,"This internal SSD with heatsink is a premium option packed with excellent speed, cooling technology and many TB of storage.",technology,https://gizmodo.com/app/uploads/2025/05/samsung-990-pro-ssd-heatsink.jpg,2025-05-30T13:10:31Z,Gizmodo.com,1
"Police must 'do their bit' on funding, minister warns",,"Science and Technology Secretary Peter Kyle says police should ""embrace change"" as talks over funding continue.",technology,https://ichef.bbci.co.uk/news/1024/branded_news/d396/live/cf5cd850-4456-11f0-bff4-194417507412.jpg,2025-06-08T11:58:29Z,BBC News,1
How 3D-printed guns are spreading online,,The technology to build your own lethal weapon is promoted on social media,technology,https://ichef.bbci.co.uk/news/1024/branded_news/0307/live/ea26bdf0-4b80-11f0-86d5-3b52b53af158.png,2025-06-19T00:17:34Z,BBC News,1
Futureproof,Jacob Kastrenakes,"AI tools are flooding the culture ecosystem — and no corner of the arts space is immune. In this series, we’re looking at the ways artists are embracing AI, pushing back on it, or trying their best to find an equilibrium with a new technology that’s both swee…",technology,https://platform.theverge.com/wp-content/uploads/sites/2/2025/06/257666_futureproofing_jgibbs-header.jpg?quality=90&strip=all&crop=0%2C10.761835884455%2C100%2C78.47632823109&w=1200,2025-06-18T16:15:59Z,The Verge,1
The Trump administration appears to be planning its own chatbot,Lauren Feiner,"The Trump administration is working on an “AI.gov” website and API to “accelerate government innovation with AI,” 404 Media found based on code posted to Github and an early version of the site. The project appears to be run by the General Services Administra…",technology,https://platform.theverge.com/wp-content/uploads/sites/2/2025/06/STK414_AI_CVIRGINIA_2_C.jpg?quality=90&strip=all&crop=0%2C10.732984293194%2C100%2C78.534031413613&w=1200,2025-06-10T16:55:05Z,The Verge,1
"HP reveals $24,999 hardware created just for Google Beam",Emma Roth,"HP has become the first company to preview hardware built with Google Beam, the 3D video communication technology formerly known as Project Starline. It’s launching the HP Dimension, a device that features a 65-inch light field display with six high-speed cam…",technology,https://platform.theverge.com/wp-content/uploads/sites/2/2025/06/HP-Dimension-with-Google-Beam.jpg?quality=90&strip=all&crop=0%2C15.120008071403%2C100%2C69.759983857194&w=1200,2025-06-10T21:45:48Z,The Verge,1
Apple Releases Safari Technology Preview 220 With Bug Fixes and Performance Improvements,Juli Clover,"Apple today released a new update for Safari Technology Preview, the experimental browser that was first introduced in March 2016. Apple designed ‌Safari Technology Preview‌ to allow users to test features that are planned for future release versions of the S…",technology,https://images.macrumors.com/t/gSfA9gdPJTtAYv_7hjK9YByevcM=/2500x/article-new/2024/07/Safari-Technology-Preview-Updated-Feature-1.jpg,2025-05-28T21:39:58Z,MacRumors,1
Max will show autoplaying video previews picked by AI,Emma Roth,"Max — soon to be called HBO Max again — is rolling out an update that automatically plays video previews when you hover over shows and movies. The video previews are launching to users in the US now, but Max is still working on an “AI-assisted” tool to pick t…",technology,https://platform.theverge.com/wp-content/uploads/sites/2/2025/06/Preview-Rail_Hacks.png?quality=90&strip=all&crop=0%2C0%2C94.061083621892%2C87.549447353112&w=1200,2025-06-17T16:18:02Z,The Verge,1
Jony Ive’s OpenAI device gets the Powell Jobs nod of approval,Jess Weatherbed,"The mysterious AI gadget being created by OpenAI and former Apple design chief Jony Ive has been given the thumbs up from Laurene Powell Jobs. In a new interview published by The Financial Times, the two reminisce about Jony Ive’s time working at Apple alongs…",technology,https://platform.theverge.com/wp-content/uploads/sites/2/2025/06/gettyimages-1438500402.jpg?quality=90&strip=all&crop=0%2C10.729474235474%2C100%2C78.541051529051&w=1200,2025-06-02T10:33:58Z,The Verge,1
OpenAI awarded $200 million US defense contract,Jess Weatherbed,"OpenAI is officially on the Pentagon’s payroll. The Department of Defence announced a $200 million contract with OpenAI to provide the US government with new artificial intelligence tools, including those used for proactive cyber defense. In a post outlining …",technology,https://platform.theverge.com/wp-content/uploads/sites/2/2025/02/STK155_OPEN_AI_2025_CVirgiia_C.jpg?quality=90&strip=all&crop=0%2C10.732984293194%2C100%2C78.534031413613&w=1200,2025-06-17T09:35:46Z,The Verge,1
Apple Releases Safari Technology Preview 221 With Bug Fixes and Performance Improvements,Juli Clover,"Apple today released a new update for Safari Technology Preview, the experimental browser that was first introduced in March 2016. Apple designed ‌Safari Technology Preview‌ to allow users to test features that are planned for future release versions of the S…",technology,https://images.macrumors.com/t/gSfA9gdPJTtAYv_7hjK9YByevcM=/2500x/article-new/2024/07/Safari-Technology-Preview-Updated-Feature-1.jpg,2025-06-11T22:30:48Z,MacRumors,1
"Tariffs, Technology, and the New Geography of Manufacturing","Daniel Kuepper, Nikolaus Lang, Jan Nordemann",How to know when—and where—to relocate production.,technology,https://hbr.org/resources/images/article_assets/2025/05/May25_29_BarbaraGibson.jpg,2025-06-02T12:05:32Z,Harvard Business Review,1
Adding Assistive Technology to a Doorbell,Bryan Cockfield,"The advent of affordable computing over the last few decades has certainly been a boon for many people with disabilities, making it easier to access things like text-to-speech technology, automation, …read more",technology,https://hackaday.com/wp-content/uploads/2025/05/doorbell-attiny-main.jpg,2025-06-04T20:00:00Z,Hackaday,1
"PCIe 7.0 is coming, but not soon, and not for you",Jess Weatherbed,"The PCIe 7.0 specification has now been released, while many of us are still waiting for PCIe 6.0 to materialize in consumer products. The PCI Special Interest Group (PCI-SIG) announced on Wednesday that PCIe 7.0 is now available to members of its organizatio…",technology,https://platform.theverge.com/wp-content/uploads/sites/2/2025/03/STKS505_QUANTUM_COMPUTING_A.jpg?quality=90&strip=all&crop=0%2C10.732984293194%2C100%2C78.534031413613&w=1200,2025-06-13T09:22:06Z,The Verge,1
Runway is going to let people generate video games with AI,Alex Heath,"So far, Runway is known for bringing generative AI to Hollywood. Now, the $3 billion startup is setting its sights on the gaming industry. This week, I was granted access to a new interactive gaming experience that Runway plans to make available to everyone a…",technology,https://platform.theverge.com/wp-content/uploads/sites/2/2025/06/image-2.png?quality=90&strip=all&crop=0%2C3.4613147178592%2C100%2C93.077370564282&w=1200,2025-06-27T19:50:34Z,The Verge,1
Latent Technology raises $8M to change animation with generative physics,Dean Takahashi,"Latent Technology, a game technology company focused on AI-driven physical animation, has closed an $8 million seed funding round.",technology,https://venturebeat.com/wp-content/uploads/2025/06/latent-2.jpg?w=1024?w=1200&strip=all,2025-06-05T13:30:00Z,VentureBeat,1
Tesla's Robotaxi Service Hits the Road in Texas,Aarian Marshall,The company debuted its autonomous ride-hailing service Sunday. The limited program is invite-only and uses around 20 cars—signs that Tesla has a long way to go to catch up to its robotaxi rivals.,technology,"https://media.wired.com/photos/6855a9b407675322476cece5/191:100/w_1280,c_limit/tesla-taxi-modely-gear-2210782449.jpg",2025-06-22T19:41:03Z,Wired,1
